timestamp,model,gpu0_util_pct,gpu0_mem_util_pct,gpu0_mem_used_mb,gpu0_temp_c,gpu0_power_w,gpu1_util_pct,gpu1_mem_util_pct,gpu1_mem_used_mb,gpu1_temp_c,gpu1_power_w,gpu2_util_pct,gpu2_mem_util_pct,gpu2_mem_used_mb,gpu2_temp_c,gpu2_power_w,gpu3_util_pct,gpu3_mem_util_pct,gpu3_mem_used_mb,gpu3_temp_c,gpu3_power_w,total_gpu_util_pct,total_mem_used_mb,total_power_w
2026-06-17 11:03:51,gemma4:31b,0.0,0.0,4047.0,24.0,18.46,0.0,0.0,4041.0,24.0,21.59,0.0,0.0,3557.0,24.0,17.11,0.0,0.0,6794.0,24.0,28.75,0.0,18439.0,85.91
2026-06-17 11:04:10,gemma4:31b,0.0,0.0,4047.0,24.0,18.44,0.0,0.0,4041.0,24.0,21.99,0.0,0.0,3557.0,24.0,16.89,0.0,0.0,6794.0,24.0,28.7,0.0,18439.0,86.02
2026-06-17 11:04:15,gemma4:31b,0.0,0.0,4047.0,24.0,18.27,0.0,0.0,4041.0,24.0,21.68,0.0,0.0,3557.0,24.0,16.6,0.0,0.0,6794.0,24.0,28.6,0.0,18439.0,85.15
2026-06-17 11:04:20,gemma4:31b,0.0,0.0,4047.0,24.0,18.4,0.0,0.0,4041.0,24.0,21.55,0.0,0.0,3557.0,24.0,16.64,44.0,1.0,23747.0,26.0,76.21,44.0,35392.0,132.8
2026-06-17 11:04:25,gemma4:31b,0.0,0.0,4047.0,24.0,18.55,0.0,0.0,4041.0,24.0,21.58,0.0,0.0,3557.0,24.0,16.58,79.0,20.0,23749.0,30.0,153.63,79.0,35394.0,210.34
2026-06-17 11:04:30,gemma4:31b,0.0,0.0,4047.0,24.0,18.57,0.0,0.0,4041.0,24.0,21.88,0.0,0.0,3557.0,24.0,16.24,8.0,8.0,23759.0,27.0,91.52,8.0,35404.0,148.21
2026-06-17 11:04:35,gemma4:31b,0.0,0.0,4047.0,24.0,18.47,0.0,0.0,4041.0,24.0,21.91,0.0,0.0,3557.0,24.0,16.82,8.0,8.0,23759.0,27.0,91.86,8.0,35404.0,149.06
2026-06-17 11:04:40,gemma4:31b,0.0,0.0,4047.0,24.0,18.22,0.0,0.0,4041.0,24.0,22.07,0.0,0.0,3557.0,24.0,16.34,8.0,8.0,23759.0,26.0,92.47,8.0,35404.0,149.1
2026-06-17 11:04:45,gemma4:31b,0.0,0.0,4047.0,24.0,18.4,0.0,0.0,4041.0,24.0,21.46,0.0,0.0,3557.0,24.0,16.2,8.0,8.0,23759.0,26.0,90.2,8.0,35404.0,146.26
2026-06-17 11:04:51,gemma4:31b,0.0,0.0,4047.0,24.0,18.33,0.0,0.0,4041.0,24.0,21.89,0.0,0.0,3557.0,24.0,16.49,8.0,8.0,23759.0,26.0,95.6,8.0,35404.0,152.31
2026-06-17 11:04:56,gemma4:31b,0.0,0.0,4047.0,24.0,18.43,0.0,0.0,4041.0,24.0,22.15,0.0,0.0,3557.0,24.0,16.85,8.0,8.0,23759.0,28.0,95.36,8.0,35404.0,152.79
2026-06-17 11:05:01,gemma4:31b,0.0,0.0,4047.0,24.0,18.37,0.0,0.0,4041.0,24.0,22.04,0.0,0.0,3557.0,24.0,16.96,8.0,8.0,23759.0,27.0,94.92,8.0,35404.0,152.29
2026-06-17 11:05:06,gemma4:31b,0.0,0.0,4047.0,24.0,18.21,0.0,0.0,4041.0,24.0,22.09,0.0,0.0,3557.0,24.0,16.41,8.0,8.0,23759.0,26.0,92.97,8.0,35404.0,149.68
2026-06-17 11:05:11,gemma4:31b,0.0,0.0,4047.0,24.0,18.32,0.0,0.0,4041.0,24.0,22.0,0.0,0.0,3557.0,24.0,16.4,8.0,8.0,23759.0,26.0,95.09,8.0,35404.0,151.81
2026-06-17 11:05:16,gemma4:31b,0.0,0.0,4047.0,24.0,18.32,0.0,0.0,4041.0,24.0,21.44,0.0,0.0,3557.0,24.0,16.58,8.0,8.0,23759.0,27.0,94.58,8.0,35404.0,150.92
2026-06-17 11:05:21,gemma4:31b,0.0,0.0,4047.0,24.0,18.21,0.0,0.0,4041.0,24.0,21.8,0.0,0.0,3557.0,24.0,16.6,8.0,8.0,23759.0,26.0,94.84,8.0,35404.0,151.45
2026-06-17 11:05:26,gemma4:31b,0.0,0.0,4047.0,24.0,18.26,0.0,0.0,4041.0,24.0,21.52,0.0,0.0,3557.0,24.0,16.8,8.0,8.0,23759.0,29.0,91.36,8.0,35404.0,147.94
2026-06-17 11:05:31,gemma4:31b,0.0,0.0,4047.0,24.0,18.45,0.0,0.0,4041.0,24.0,21.69,0.0,0.0,3557.0,24.0,16.23,8.0,8.0,23759.0,28.0,92.72,8.0,35404.0,149.09
2026-06-17 11:05:36,gemma4:31b,0.0,0.0,4047.0,24.0,18.28,0.0,0.0,4041.0,24.0,22.16,0.0,0.0,3557.0,24.0,16.46,8.0,8.0,23759.0,27.0,95.12,8.0,35404.0,152.02
2026-06-17 11:05:41,gemma4:31b,0.0,0.0,4047.0,24.0,18.45,0.0,0.0,4041.0,24.0,21.99,0.0,0.0,3557.0,24.0,16.42,8.0,8.0,23759.0,27.0,95.36,8.0,35404.0,152.22
2026-06-17 11:05:47,gemma4:31b,0.0,0.0,4047.0,24.0,18.33,0.0,0.0,4041.0,24.0,22.24,0.0,0.0,3557.0,24.0,16.63,8.0,8.0,23759.0,26.0,94.95,8.0,35404.0,152.15
2026-06-17 11:05:52,gemma4:31b,0.0,0.0,4047.0,24.0,18.34,0.0,0.0,4041.0,24.0,21.75,0.0,0.0,3557.0,24.0,16.61,8.0,8.0,23759.0,27.0,92.46,8.0,35404.0,149.16
2026-06-17 11:05:57,gemma4:31b,0.0,0.0,4047.0,24.0,18.33,0.0,0.0,4041.0,24.0,22.21,0.0,0.0,3557.0,24.0,16.85,8.0,8.0,23759.0,26.0,95.96,8.0,35404.0,153.35
2026-06-17 11:06:02,gemma4:31b,0.0,0.0,4047.0,24.0,18.47,0.0,0.0,4041.0,24.0,21.67,0.0,0.0,3557.0,24.0,16.3,8.0,8.0,23759.0,27.0,95.97,8.0,35404.0,152.41
2026-06-17 11:06:07,gemma4:31b,0.0,0.0,4047.0,24.0,18.18,0.0,0.0,4041.0,24.0,22.52,0.0,0.0,3557.0,24.0,16.18,8.0,8.0,23759.0,27.0,95.7,8.0,35404.0,152.58
2026-06-17 11:06:12,gemma4:31b,0.0,0.0,4047.0,24.0,18.38,0.0,0.0,4041.0,24.0,22.41,0.0,0.0,3557.0,24.0,15.97,8.0,8.0,23759.0,28.0,92.65,8.0,35404.0,149.41
2026-06-17 11:06:17,gemma4:31b,0.0,0.0,4047.0,24.0,18.48,0.0,0.0,4041.0,24.0,22.11,0.0,0.0,3557.0,24.0,16.47,8.0,8.0,23759.0,27.0,95.59,8.0,35404.0,152.65
2026-06-17 11:06:22,gemma4:31b,0.0,0.0,4047.0,24.0,18.57,0.0,0.0,4041.0,24.0,22.83,0.0,0.0,3557.0,24.0,16.19,8.0,8.0,23759.0,26.0,91.99,8.0,35404.0,149.58
2026-06-17 11:06:27,gemma4:31b,0.0,0.0,4047.0,24.0,18.52,0.0,0.0,4041.0,24.0,22.5,0.0,0.0,3557.0,24.0,16.43,8.0,8.0,23759.0,27.0,95.87,8.0,35404.0,153.32
2026-06-17 11:06:32,gemma4:31b,0.0,0.0,4047.0,24.0,18.57,0.0,0.0,4041.0,24.0,21.94,0.0,0.0,3557.0,24.0,16.32,8.0,8.0,23759.0,27.0,91.98,8.0,35404.0,148.81
2026-06-17 11:06:37,gemma4:31b,0.0,0.0,4047.0,24.0,18.42,0.0,0.0,4041.0,24.0,22.11,0.0,0.0,3557.0,24.0,16.53,8.0,8.0,23759.0,27.0,93.79,8.0,35404.0,150.85
2026-06-17 11:06:43,gemma4:31b,0.0,0.0,4047.0,24.0,18.43,0.0,0.0,4041.0,24.0,22.08,0.0,0.0,3557.0,24.0,16.95,11.0,11.0,23759.0,28.0,95.22,11.0,35404.0,152.68
2026-06-17 11:06:48,gemma4:31b,0.0,0.0,4047.0,24.0,18.47,0.0,0.0,4041.0,24.0,22.54,0.0,0.0,3557.0,24.0,16.97,8.0,8.0,23759.0,29.0,95.26,8.0,35404.0,153.24
2026-06-17 11:06:53,gemma4:31b,0.0,0.0,4047.0,24.0,18.39,0.0,0.0,4041.0,24.0,22.54,0.0,0.0,3557.0,24.0,16.75,8.0,8.0,23759.0,27.0,95.61,8.0,35404.0,153.29
2026-06-17 11:06:58,gemma4:31b,0.0,0.0,4047.0,24.0,18.56,0.0,0.0,4041.0,24.0,22.54,0.0,0.0,3557.0,24.0,16.49,8.0,8.0,23759.0,27.0,96.23,8.0,35404.0,153.82
2026-06-17 11:07:03,gemma4:31b,0.0,0.0,4047.0,24.0,18.57,0.0,0.0,4041.0,24.0,22.31,0.0,0.0,3557.0,24.0,16.76,8.0,8.0,23759.0,28.0,92.71,8.0,35404.0,150.35
2026-06-17 11:07:08,gemma4:31b,0.0,0.0,4047.0,24.0,18.51,0.0,0.0,4041.0,24.0,22.36,0.0,0.0,3557.0,24.0,16.47,13.0,13.0,23759.0,27.0,94.08,13.0,35404.0,151.42
2026-06-17 11:07:13,gemma4:31b,0.0,0.0,4047.0,24.0,18.44,0.0,0.0,4041.0,24.0,22.74,0.0,0.0,3557.0,24.0,16.84,8.0,8.0,23759.0,27.0,95.01,8.0,35404.0,153.03
2026-06-17 11:07:18,gemma4:31b,0.0,0.0,4047.0,24.0,18.45,0.0,0.0,4041.0,24.0,22.18,0.0,0.0,3557.0,24.0,17.01,8.0,8.0,23759.0,27.0,95.79,8.0,35404.0,153.43
2026-06-17 11:07:23,gemma4:31b,0.0,0.0,4047.0,24.0,18.53,0.0,0.0,4041.0,24.0,22.64,0.0,0.0,3557.0,24.0,16.8,8.0,8.0,23759.0,27.0,92.27,8.0,35404.0,150.24
2026-06-17 11:07:28,gemma4:31b,0.0,0.0,4047.0,24.0,18.47,0.0,0.0,4041.0,24.0,22.61,0.0,0.0,3557.0,24.0,16.77,8.0,8.0,23759.0,28.0,92.18,8.0,35404.0,150.03
2026-06-17 11:07:33,gemma4:31b,0.0,0.0,4047.0,24.0,18.56,0.0,0.0,4041.0,24.0,22.32,0.0,0.0,3557.0,24.0,16.36,8.0,8.0,23759.0,28.0,91.91,8.0,35404.0,149.15
2026-06-17 11:07:38,gemma4:31b,0.0,0.0,4047.0,24.0,18.65,0.0,0.0,4041.0,24.0,22.87,0.0,0.0,3557.0,24.0,16.51,8.0,8.0,23759.0,27.0,93.09,8.0,35404.0,151.12
2026-06-17 11:07:44,gemma4:31b,0.0,0.0,4047.0,24.0,18.58,0.0,0.0,4041.0,24.0,22.78,0.0,0.0,3557.0,24.0,16.52,8.0,8.0,23759.0,27.0,95.43,8.0,35404.0,153.31
2026-06-17 11:07:49,gemma4:31b,0.0,0.0,4047.0,24.0,18.32,0.0,0.0,4041.0,24.0,22.64,0.0,0.0,3557.0,24.0,16.64,8.0,8.0,23759.0,27.0,95.16,8.0,35404.0,152.76
2026-06-17 11:07:54,gemma4:31b,0.0,0.0,4047.0,24.0,18.62,0.0,0.0,4041.0,24.0,22.98,0.0,0.0,3557.0,24.0,16.41,12.0,12.0,23759.0,27.0,93.93,12.0,35404.0,151.94
2026-06-17 11:07:59,gemma4:31b,0.0,0.0,4047.0,24.0,18.55,0.0,0.0,4041.0,25.0,22.98,0.0,0.0,3557.0,24.0,16.88,8.0,8.0,23759.0,27.0,95.7,8.0,35404.0,154.11
2026-06-17 11:08:04,gemma4:31b,0.0,0.0,4047.0,24.0,18.5,0.0,0.0,4041.0,24.0,22.86,0.0,0.0,3557.0,24.0,16.7,11.0,12.0,23759.0,28.0,93.75,11.0,35404.0,151.81
2026-06-17 11:08:09,gemma4:31b,0.0,0.0,4047.0,25.0,18.59,0.0,0.0,4041.0,25.0,22.65,0.0,0.0,3557.0,24.0,16.58,8.0,8.0,23759.0,27.0,92.07,8.0,35404.0,149.89
2026-06-17 11:08:14,gemma4:31b,0.0,0.0,4047.0,25.0,18.48,0.0,0.0,4041.0,25.0,22.73,0.0,0.0,3557.0,24.0,16.62,8.0,8.0,23759.0,28.0,94.97,8.0,35404.0,152.8
2026-06-17 11:08:19,gemma4:31b,0.0,0.0,4047.0,25.0,18.5,0.0,0.0,4041.0,25.0,23.13,0.0,0.0,3557.0,24.0,16.33,8.0,8.0,23759.0,27.0,95.19,8.0,35404.0,153.15
2026-06-17 11:08:24,gemma4:31b,0.0,0.0,4047.0,25.0,18.67,0.0,0.0,4041.0,25.0,23.19,0.0,0.0,3557.0,24.0,16.5,0.0,0.0,23759.0,26.0,84.09,0.0,35404.0,142.45
2026-06-17 11:08:29,gemma4:31b,0.0,0.0,4047.0,25.0,18.65,0.0,0.0,4041.0,25.0,22.51,0.0,0.0,3557.0,24.0,16.76,64.0,3.0,23759.0,28.0,139.7,64.0,35404.0,197.62
2026-06-17 11:08:34,gemma4:31b,0.0,0.0,4047.0,25.0,18.49,0.0,0.0,4041.0,25.0,22.9,0.0,0.0,3557.0,24.0,16.18,89.0,29.0,23759.0,30.0,144.13,89.0,35404.0,201.7
2026-06-17 11:08:40,gemma4:31b,0.0,0.0,4047.0,25.0,18.77,0.0,0.0,4041.0,25.0,22.73,0.0,0.0,3557.0,24.0,16.25,87.0,27.0,23759.0,33.0,160.49,87.0,35404.0,218.24
2026-06-17 11:08:45,gemma4:31b,0.0,0.0,4047.0,25.0,18.65,0.0,0.0,4041.0,25.0,22.65,0.0,0.0,3557.0,24.0,16.12,64.0,2.0,23759.0,28.0,139.63,64.0,35404.0,197.05
2026-06-17 11:08:50,gemma4:31b,0.0,0.0,4047.0,25.0,18.64,0.0,0.0,4041.0,25.0,23.34,0.0,0.0,3557.0,24.0,15.63,0.0,0.0,23759.0,29.0,86.59,0.0,35404.0,144.2
2026-06-17 11:08:55,gemma4:31b,0.0,0.0,4047.0,25.0,18.64,0.0,0.0,4041.0,25.0,23.05,0.0,0.0,3557.0,24.0,15.64,8.0,8.0,23759.0,27.0,89.89,8.0,35404.0,147.22
2026-06-17 11:09:00,gemma4:31b,0.0,0.0,4047.0,25.0,18.46,0.0,0.0,4041.0,25.0,23.15,0.0,0.0,3557.0,24.0,16.49,8.0,8.0,23759.0,27.0,87.09,8.0,35404.0,145.19
2026-06-17 11:09:05,gemma4:31b,0.0,0.0,4047.0,25.0,18.58,0.0,0.0,4041.0,25.0,22.99,0.0,0.0,3557.0,24.0,16.4,8.0,8.0,23759.0,27.0,89.83,8.0,35404.0,147.8
2026-06-17 11:09:10,gemma4:31b,0.0,0.0,4047.0,25.0,18.5,0.0,0.0,4041.0,25.0,21.87,0.0,0.0,3557.0,24.0,16.28,8.0,8.0,23759.0,28.0,88.05,8.0,35404.0,144.7
2026-06-17 11:09:15,gemma4:31b,0.0,0.0,4047.0,25.0,18.55,0.0,0.0,4041.0,25.0,21.94,0.0,0.0,3557.0,24.0,15.47,8.0,8.0,23759.0,27.0,90.45,8.0,35404.0,146.41
2026-06-17 11:09:20,gemma4:31b,0.0,0.0,4047.0,25.0,18.46,0.0,0.0,4041.0,25.0,22.61,0.0,0.0,3557.0,24.0,16.0,8.0,8.0,23759.0,28.0,90.95,8.0,35404.0,148.02
2026-06-17 11:09:25,gemma4:31b,0.0,0.0,4047.0,25.0,18.46,0.0,0.0,4041.0,25.0,22.57,0.0,0.0,3557.0,24.0,16.01,6.0,7.0,23759.0,27.0,91.61,6.0,35404.0,148.65
2026-06-17 11:09:30,gemma4:31b,0.0,0.0,4047.0,25.0,18.59,0.0,0.0,4041.0,25.0,22.35,0.0,0.0,3557.0,24.0,16.38,8.0,8.0,23759.0,28.0,87.72,8.0,35404.0,145.04
2026-06-17 11:09:35,gemma4:31b,0.0,0.0,4047.0,25.0,18.46,0.0,0.0,4041.0,25.0,22.23,0.0,0.0,3557.0,24.0,16.25,0.0,0.0,23759.0,27.0,90.33,0.0,35404.0,147.27
2026-06-17 11:09:41,gemma4:31b,0.0,0.0,4047.0,25.0,18.62,0.0,0.0,4041.0,25.0,21.89,0.0,0.0,3557.0,24.0,16.31,8.0,8.0,23759.0,27.0,90.39,8.0,35404.0,147.21
2026-06-17 11:09:46,gemma4:31b,0.0,0.0,4047.0,25.0,18.5,0.0,0.0,4041.0,25.0,22.24,0.0,0.0,3557.0,24.0,16.12,8.0,8.0,23759.0,27.0,90.52,8.0,35404.0,147.38
2026-06-17 11:09:51,gemma4:31b,0.0,0.0,4047.0,25.0,18.59,0.0,0.0,4041.0,25.0,22.34,0.0,0.0,3557.0,25.0,16.6,0.0,0.0,23759.0,27.0,86.2,0.0,35404.0,143.73
2026-06-17 11:09:56,gemma4:31b,0.0,0.0,4047.0,25.0,18.53,0.0,0.0,4041.0,25.0,22.57,0.0,0.0,3557.0,24.0,16.05,8.0,8.0,23759.0,27.0,90.79,8.0,35404.0,147.94
2026-06-17 11:10:01,gemma4:31b,0.0,0.0,4047.0,25.0,18.5,0.0,0.0,4041.0,25.0,22.83,0.0,0.0,3557.0,25.0,16.14,0.0,0.0,23759.0,27.0,90.61,0.0,35404.0,148.08
2026-06-17 11:10:06,gemma4:31b,0.0,0.0,4047.0,25.0,18.24,0.0,0.0,4041.0,25.0,22.64,0.0,0.0,3557.0,25.0,16.33,8.0,8.0,23759.0,28.0,86.82,8.0,35404.0,144.03
2026-06-17 11:10:11,gemma4:31b,0.0,0.0,4047.0,25.0,18.26,0.0,0.0,4041.0,25.0,22.56,0.0,0.0,3557.0,25.0,16.63,8.0,8.0,23759.0,28.0,87.09,8.0,35404.0,144.54
2026-06-17 11:10:16,gemma4:31b,0.0,0.0,4047.0,25.0,18.48,0.0,0.0,4041.0,25.0,23.11,0.0,0.0,3557.0,25.0,16.63,8.0,8.0,23759.0,27.0,89.6,8.0,35404.0,147.82
2026-06-17 11:10:21,gemma4:31b,0.0,0.0,4047.0,25.0,18.41,0.0,0.0,4041.0,25.0,22.81,0.0,0.0,3557.0,25.0,16.74,4.0,4.0,23759.0,27.0,90.88,4.0,35404.0,148.84
2026-06-17 11:10:26,gemma4:31b,0.0,0.0,4047.0,25.0,18.35,0.0,0.0,4041.0,25.0,22.56,0.0,0.0,3557.0,25.0,16.35,8.0,8.0,23759.0,27.0,90.58,8.0,35404.0,147.84
2026-06-17 11:10:31,gemma4:31b,0.0,0.0,4047.0,25.0,18.26,0.0,0.0,4041.0,25.0,22.94,0.0,0.0,3557.0,25.0,16.23,8.0,8.0,23759.0,27.0,87.9,8.0,35404.0,145.33
2026-06-17 11:10:36,gemma4:31b,0.0,0.0,4047.0,25.0,18.38,0.0,0.0,4041.0,25.0,22.95,0.0,0.0,3557.0,25.0,16.39,8.0,8.0,23759.0,27.0,86.57,8.0,35404.0,144.29
2026-06-17 11:10:42,gemma4:31b,0.0,0.0,4047.0,25.0,18.5,0.0,0.0,4041.0,25.0,22.96,0.0,0.0,3557.0,25.0,16.38,8.0,8.0,23759.0,27.0,90.48,8.0,35404.0,148.32
2026-06-17 11:10:47,gemma4:31b,0.0,0.0,4047.0,25.0,18.52,0.0,0.0,4041.0,25.0,22.68,0.0,0.0,3557.0,25.0,16.15,8.0,8.0,23759.0,27.0,89.45,8.0,35404.0,146.8
2026-06-17 11:10:52,gemma4:31b,0.0,0.0,4047.0,25.0,18.36,0.0,0.0,4041.0,25.0,22.99,0.0,0.0,3557.0,25.0,16.47,8.0,8.0,23759.0,27.0,86.43,8.0,35404.0,144.25
2026-06-17 11:10:57,gemma4:31b,0.0,0.0,4047.0,25.0,18.56,0.0,0.0,4041.0,25.0,22.9,0.0,0.0,3557.0,25.0,16.32,8.0,8.0,23759.0,27.0,89.84,8.0,35404.0,147.62
2026-06-17 11:11:02,gemma4:31b,0.0,0.0,4047.0,25.0,18.49,0.0,0.0,4041.0,25.0,22.81,0.0,0.0,3557.0,25.0,16.49,8.0,8.0,23759.0,27.0,86.14,8.0,35404.0,143.93
2026-06-17 11:11:07,gemma4:31b,0.0,0.0,4047.0,25.0,18.45,0.0,0.0,4041.0,25.0,22.28,0.0,0.0,3557.0,25.0,16.47,8.0,8.0,23759.0,27.0,90.85,8.0,35404.0,148.05
2026-06-17 11:11:12,gemma4:31b,0.0,0.0,4047.0,25.0,18.49,0.0,0.0,4041.0,25.0,23.48,0.0,0.0,3557.0,25.0,16.1,0.0,0.0,23759.0,27.0,90.36,0.0,35404.0,148.43
2026-06-17 11:11:17,gemma4:31b,0.0,0.0,4047.0,25.0,18.59,0.0,0.0,4041.0,25.0,22.82,0.0,0.0,3557.0,25.0,16.44,8.0,8.0,23759.0,27.0,90.15,8.0,35404.0,148.0
2026-06-17 11:11:22,gemma4:31b,0.0,0.0,4047.0,25.0,18.52,0.0,0.0,4041.0,25.0,22.69,0.0,0.0,3557.0,25.0,16.23,8.0,8.0,23759.0,27.0,90.74,8.0,35404.0,148.18
2026-06-17 11:11:27,gemma4:31b,0.0,0.0,4047.0,25.0,18.54,0.0,0.0,4041.0,25.0,23.27,0.0,0.0,3557.0,25.0,16.26,8.0,8.0,23759.0,27.0,86.89,8.0,35404.0,144.96
2026-06-17 11:11:32,gemma4:31b,0.0,0.0,4047.0,25.0,18.45,0.0,0.0,4041.0,25.0,22.71,0.0,0.0,3557.0,25.0,16.56,8.0,8.0,23759.0,27.0,86.62,8.0,35404.0,144.34
2026-06-17 11:11:37,gemma4:31b,0.0,0.0,4047.0,25.0,18.47,0.0,0.0,4041.0,25.0,23.48,0.0,0.0,3557.0,25.0,16.2,5.0,6.0,23759.0,27.0,86.32,5.0,35404.0,144.47
2026-06-17 11:11:43,gemma4:31b,0.0,0.0,4047.0,25.0,18.52,0.0,0.0,4041.0,25.0,22.94,0.0,0.0,3557.0,25.0,16.57,8.0,8.0,23759.0,27.0,90.05,8.0,35404.0,148.08
2026-06-17 11:11:48,gemma4:31b,0.0,0.0,4047.0,25.0,18.45,0.0,0.0,4041.0,25.0,23.17,0.0,0.0,3557.0,25.0,16.47,8.0,8.0,23759.0,28.0,90.62,8.0,35404.0,148.71
2026-06-17 11:11:53,gemma4:31b,0.0,0.0,4047.0,25.0,18.51,0.0,0.0,4041.0,25.0,23.6,0.0,0.0,3557.0,25.0,16.76,8.0,8.0,23759.0,29.0,86.85,8.0,35404.0,145.72
2026-06-17 11:11:58,gemma4:31b,0.0,0.0,4047.0,25.0,18.46,0.0,0.0,4041.0,25.0,22.9,0.0,0.0,3557.0,25.0,16.6,8.0,8.0,23759.0,27.0,86.87,8.0,35404.0,144.83
2026-06-17 11:12:03,gemma4:31b,0.0,0.0,4047.0,25.0,18.33,0.0,0.0,4041.0,25.0,23.17,0.0,0.0,3557.0,25.0,16.92,8.0,8.0,23759.0,27.0,89.81,8.0,35404.0,148.23
2026-06-17 11:12:08,gemma4:31b,0.0,0.0,4047.0,25.0,18.34,0.0,0.0,4041.0,25.0,23.14,0.0,0.0,3557.0,25.0,16.72,8.0,9.0,23759.0,28.0,87.17,8.0,35404.0,145.37
2026-06-17 11:12:13,gemma4:31b,0.0,0.0,4047.0,25.0,18.49,0.0,0.0,4041.0,25.0,23.58,0.0,0.0,3557.0,25.0,16.87,8.0,9.0,23759.0,27.0,89.8,8.0,35404.0,148.74
2026-06-17 11:12:18,gemma4:31b,0.0,0.0,4047.0,25.0,18.4,0.0,0.0,4041.0,25.0,22.96,0.0,0.0,3557.0,25.0,16.91,8.0,9.0,23759.0,27.0,90.95,8.0,35404.0,149.22
2026-06-17 11:12:23,gemma4:31b,0.0,0.0,4047.0,25.0,18.52,0.0,0.0,4041.0,25.0,23.29,0.0,0.0,3557.0,25.0,16.53,3.0,3.0,23759.0,28.0,86.51,3.0,35404.0,144.85
2026-06-17 11:12:28,gemma4:31b,0.0,0.0,4047.0,25.0,18.33,0.0,0.0,4041.0,25.0,23.08,0.0,0.0,3557.0,25.0,16.77,8.0,9.0,23759.0,27.0,90.22,8.0,35404.0,148.4
2026-06-17 11:12:33,gemma4:31b,0.0,0.0,4047.0,25.0,18.56,0.0,0.0,4041.0,25.0,22.8,0.0,0.0,3557.0,25.0,16.89,0.0,0.0,23759.0,27.0,86.76,0.0,35404.0,145.01
2026-06-17 11:12:39,gemma4:31b,0.0,0.0,4047.0,25.0,18.44,0.0,0.0,4041.0,25.0,23.09,0.0,0.0,3557.0,25.0,17.07,8.0,8.0,23759.0,28.0,85.07,8.0,35404.0,143.67
2026-06-17 11:12:44,gemma4:31b,0.0,0.0,4047.0,25.0,18.5,0.0,0.0,4041.0,25.0,22.73,0.0,0.0,3557.0,25.0,17.03,8.0,9.0,23759.0,27.0,85.58,8.0,35404.0,143.84
2026-06-17 11:12:49,gemma4:31b,0.0,0.0,4047.0,25.0,18.47,0.0,0.0,4041.0,25.0,22.22,0.0,0.0,3557.0,25.0,16.72,8.0,8.0,23759.0,27.0,88.17,8.0,35404.0,145.58
2026-06-17 11:12:54,gemma4:31b,0.0,0.0,4047.0,25.0,18.52,0.0,0.0,4041.0,25.0,22.33,0.0,0.0,3557.0,25.0,16.91,8.0,9.0,23759.0,27.0,90.36,8.0,35404.0,148.12
2026-06-17 11:12:59,gemma4:31b,0.0,0.0,4047.0,25.0,18.66,0.0,0.0,4041.0,25.0,22.16,0.0,0.0,3557.0,25.0,16.81,0.0,0.0,23759.0,26.0,72.36,0.0,35404.0,129.99
2026-06-17 11:13:04,gemma4:31b,0.0,0.0,4047.0,25.0,18.61,0.0,0.0,4041.0,25.0,22.4,0.0,0.0,3557.0,25.0,16.71,8.0,8.0,23759.0,27.0,87.87,8.0,35404.0,145.59
2026-06-17 11:13:09,gemma4:31b,0.0,0.0,4047.0,25.0,18.57,0.0,0.0,4041.0,25.0,22.55,0.0,0.0,3557.0,25.0,16.87,8.0,8.0,23759.0,27.0,87.39,8.0,35404.0,145.38
2026-06-17 11:13:14,gemma4:31b,0.0,0.0,4047.0,25.0,18.52,0.0,0.0,4041.0,25.0,22.89,0.0,0.0,3557.0,25.0,16.61,0.0,0.0,23759.0,27.0,86.95,0.0,35404.0,144.97
2026-06-17 11:13:19,gemma4:31b,0.0,0.0,4047.0,25.0,18.67,0.0,0.0,4041.0,25.0,22.47,0.0,0.0,3557.0,25.0,16.84,0.0,0.0,23759.0,27.0,90.68,0.0,35404.0,148.66
2026-06-17 11:13:24,gemma4:31b,0.0,0.0,4047.0,25.0,18.61,0.0,0.0,4041.0,25.0,22.85,0.0,0.0,3557.0,25.0,16.95,8.0,8.0,23759.0,27.0,90.06,8.0,35404.0,148.47
2026-06-17 11:13:29,gemma4:31b,0.0,0.0,4047.0,25.0,18.53,0.0,0.0,4041.0,25.0,23.59,0.0,0.0,3557.0,25.0,16.93,8.0,8.0,23759.0,27.0,90.14,8.0,35404.0,149.19
2026-06-17 11:13:34,gemma4:31b,0.0,0.0,4047.0,25.0,18.42,0.0,0.0,4041.0,25.0,23.44,0.0,0.0,3557.0,25.0,16.53,8.0,8.0,23759.0,27.0,89.38,8.0,35404.0,147.77
2026-06-17 11:13:40,gemma4:31b,0.0,0.0,4047.0,25.0,18.6,0.0,0.0,4041.0,25.0,22.8,0.0,0.0,3557.0,25.0,16.59,8.0,8.0,23759.0,29.0,86.38,8.0,35404.0,144.37
2026-06-17 11:13:45,gemma4:31b,0.0,0.0,4047.0,25.0,18.62,0.0,0.0,4041.0,25.0,22.99,0.0,0.0,3557.0,25.0,16.53,8.0,8.0,23759.0,27.0,89.67,8.0,35404.0,147.81
2026-06-17 11:13:50,gemma4:31b,0.0,0.0,4047.0,25.0,18.87,0.0,0.0,4041.0,25.0,23.67,0.0,0.0,3557.0,25.0,16.5,8.0,8.0,23759.0,27.0,86.07,8.0,35404.0,145.11
2026-06-17 11:13:55,gemma4:31b,0.0,0.0,4047.0,25.0,18.62,0.0,0.0,4041.0,25.0,23.2,0.0,0.0,3557.0,25.0,16.64,0.0,0.0,23759.0,28.0,85.07,0.0,35404.0,143.53
2026-06-17 11:14:00,gemma4:31b,0.0,0.0,4047.0,25.0,18.52,0.0,0.0,4041.0,25.0,22.96,0.0,0.0,3557.0,25.0,17.18,8.0,8.0,23759.0,27.0,90.12,8.0,35404.0,148.78
2026-06-17 11:14:05,gemma4:31b,0.0,0.0,4047.0,25.0,18.43,0.0,0.0,4041.0,25.0,22.56,0.0,0.0,3557.0,25.0,16.97,8.0,8.0,23759.0,28.0,88.71,8.0,35404.0,146.67
2026-06-17 11:14:10,gemma4:31b,0.0,0.0,4047.0,25.0,18.51,0.0,0.0,4041.0,25.0,22.6,0.0,0.0,3557.0,25.0,17.11,8.0,8.0,23759.0,27.0,86.27,8.0,35404.0,144.49
2026-06-17 11:14:15,gemma4:31b,0.0,0.0,4047.0,25.0,18.4,0.0,0.0,4041.0,25.0,22.95,0.0,0.0,3557.0,25.0,16.57,8.0,8.0,23759.0,27.0,90.88,8.0,35404.0,148.8
2026-06-17 11:14:20,gemma4:31b,0.0,0.0,4047.0,25.0,18.48,0.0,0.0,4041.0,25.0,23.67,0.0,0.0,3557.0,25.0,16.7,8.0,8.0,23759.0,27.0,90.42,8.0,35404.0,149.27
2026-06-17 11:14:25,gemma4:31b,0.0,0.0,4047.0,25.0,18.47,0.0,0.0,4041.0,25.0,22.89,0.0,0.0,3557.0,25.0,16.59,8.0,8.0,23759.0,27.0,89.34,8.0,35404.0,147.29
2026-06-17 11:14:30,gemma4:31b,0.0,0.0,4047.0,25.0,18.43,0.0,0.0,4041.0,25.0,23.05,0.0,0.0,3557.0,25.0,16.98,8.0,8.0,23759.0,27.0,90.4,8.0,35404.0,148.86
2026-06-17 11:14:36,gemma4:31b,0.0,0.0,4047.0,25.0,18.47,0.0,0.0,4041.0,25.0,23.26,0.0,0.0,3557.0,25.0,17.04,4.0,4.0,23759.0,27.0,89.61,4.0,35404.0,148.38
2026-06-17 11:14:41,gemma4:31b,0.0,0.0,4047.0,25.0,18.54,0.0,0.0,4041.0,25.0,23.29,0.0,0.0,3557.0,25.0,17.35,0.0,0.0,23759.0,28.0,86.45,0.0,35404.0,145.63
2026-06-17 11:14:46,gemma4:31b,0.0,0.0,4047.0,25.0,18.26,0.0,0.0,4041.0,25.0,22.76,0.0,0.0,3557.0,25.0,16.89,0.0,0.0,23759.0,27.0,90.0,0.0,35404.0,147.91
2026-06-17 11:14:51,gemma4:31b,0.0,0.0,4047.0,25.0,18.32,0.0,0.0,4041.0,25.0,23.11,0.0,0.0,3557.0,25.0,17.24,8.0,8.0,23759.0,27.0,89.08,8.0,35404.0,147.75
2026-06-17 11:14:56,gemma4:31b,0.0,0.0,4047.0,25.0,18.4,0.0,0.0,4041.0,25.0,23.14,0.0,0.0,3557.0,25.0,16.76,8.0,8.0,23759.0,27.0,86.15,8.0,35404.0,144.45
2026-06-17 11:15:01,gemma4:31b,0.0,0.0,4047.0,25.0,18.46,0.0,0.0,4041.0,25.0,23.25,0.0,0.0,3557.0,25.0,17.0,8.0,8.0,23752.0,29.0,85.67,8.0,35397.0,144.38
2026-06-17 11:15:06,gemma4:31b,0.0,0.0,4047.0,25.0,18.25,0.0,0.0,4041.0,25.0,23.08,0.0,0.0,3557.0,25.0,16.71,8.0,8.0,23752.0,27.0,89.55,8.0,35397.0,147.59
2026-06-17 11:15:11,gemma4:31b,0.0,0.0,4047.0,25.0,18.25,0.0,0.0,4041.0,25.0,22.86,0.0,0.0,3557.0,25.0,16.75,8.0,8.0,23752.0,27.0,87.84,8.0,35397.0,145.7
2026-06-17 11:15:16,gemma4:31b,0.0,0.0,4047.0,25.0,18.27,0.0,0.0,4041.0,25.0,23.36,0.0,0.0,3557.0,25.0,16.51,8.0,8.0,23752.0,27.0,89.48,8.0,35397.0,147.62
2026-06-17 11:15:21,gemma4:31b,0.0,0.0,4047.0,25.0,18.25,0.0,0.0,4041.0,25.0,23.73,0.0,0.0,3557.0,25.0,16.59,8.0,9.0,23752.0,27.0,87.85,8.0,35397.0,146.42
2026-06-17 11:15:26,gemma4:31b,0.0,0.0,4047.0,25.0,18.31,0.0,0.0,4041.0,25.0,23.61,0.0,0.0,3557.0,25.0,16.14,0.0,0.0,23752.0,27.0,85.84,0.0,35397.0,143.9
2026-06-17 11:15:32,gemma4:31b,0.0,0.0,4047.0,25.0,18.24,0.0,0.0,4041.0,25.0,23.28,0.0,0.0,3557.0,25.0,16.24,8.0,9.0,23752.0,29.0,83.45,8.0,35397.0,141.21
2026-06-17 11:15:37,gemma4:31b,0.0,0.0,4047.0,25.0,18.31,0.0,0.0,4041.0,25.0,23.5,0.0,0.0,3557.0,25.0,16.42,5.0,5.0,23752.0,28.0,87.37,5.0,35397.0,145.6
2026-06-17 11:15:42,gemma4:31b,0.0,0.0,4047.0,25.0,18.28,0.0,0.0,4041.0,25.0,23.51,0.0,0.0,3557.0,25.0,16.5,0.0,0.0,23752.0,27.0,89.88,0.0,35397.0,148.17
2026-06-17 11:15:47,gemma4:31b,0.0,0.0,4047.0,25.0,18.32,0.0,0.0,4041.0,25.0,23.48,0.0,0.0,3557.0,25.0,16.66,8.0,8.0,23752.0,27.0,86.1,8.0,35397.0,144.56
2026-06-17 11:15:52,gemma4:31b,0.0,0.0,4047.0,25.0,18.26,0.0,0.0,4041.0,25.0,23.76,0.0,0.0,3557.0,25.0,16.76,8.0,8.0,23752.0,27.0,87.47,8.0,35397.0,146.25
2026-06-17 11:15:57,gemma4:31b,0.0,0.0,4047.0,25.0,18.27,0.0,0.0,4041.0,25.0,22.58,0.0,0.0,3557.0,25.0,17.28,0.0,0.0,23752.0,27.0,89.74,0.0,35397.0,147.87
2026-06-17 11:16:02,gemma4:31b,0.0,0.0,4047.0,25.0,18.11,0.0,0.0,4041.0,25.0,22.4,0.0,0.0,3557.0,25.0,16.92,8.0,8.0,23752.0,27.0,88.18,8.0,35397.0,145.61
2026-06-17 11:16:07,gemma4:31b,0.0,0.0,4047.0,25.0,18.25,0.0,0.0,4041.0,25.0,22.68,0.0,0.0,3557.0,25.0,17.08,8.0,9.0,23752.0,29.0,86.15,8.0,35397.0,144.16
2026-06-17 11:16:12,gemma4:31b,0.0,0.0,4047.0,25.0,18.3,0.0,0.0,4041.0,25.0,22.6,0.0,0.0,3557.0,25.0,16.89,0.0,0.0,23752.0,29.0,84.97,0.0,35397.0,142.76
2026-06-17 11:16:17,gemma4:31b,0.0,0.0,4047.0,25.0,18.35,0.0,0.0,4041.0,25.0,22.22,0.0,0.0,3557.0,25.0,17.11,8.0,9.0,23752.0,27.0,85.49,8.0,35397.0,143.17
2026-06-17 11:16:22,gemma4:31b,0.0,0.0,4047.0,25.0,18.3,0.0,0.0,4041.0,25.0,22.25,0.0,0.0,3557.0,25.0,16.7,8.0,9.0,23752.0,28.0,86.17,8.0,35397.0,143.42
2026-06-17 11:16:27,gemma4:31b,0.0,0.0,4047.0,25.0,18.25,0.0,0.0,4041.0,25.0,22.11,0.0,0.0,3557.0,25.0,16.84,0.0,0.0,23752.0,27.0,85.34,0.0,35397.0,142.54
2026-06-17 11:16:33,gemma4:31b,0.0,0.0,4047.0,25.0,18.17,0.0,0.0,4041.0,25.0,21.75,0.0,0.0,3557.0,25.0,16.86,8.0,9.0,23752.0,27.0,84.2,8.0,35397.0,140.98
2026-06-17 11:16:38,gemma4:31b,0.0,0.0,4047.0,25.0,18.23,0.0,0.0,4041.0,25.0,22.51,0.0,0.0,3557.0,25.0,16.6,8.0,9.0,23752.0,27.0,85.27,8.0,35397.0,142.61
2026-06-17 11:16:43,gemma4:31b,0.0,0.0,4047.0,25.0,18.22,0.0,0.0,4041.0,25.0,22.87,0.0,0.0,3557.0,25.0,16.79,3.0,3.0,23752.0,27.0,85.51,3.0,35397.0,143.39
2026-06-17 11:16:48,gemma4:31b,0.0,0.0,4047.0,25.0,18.36,0.0,0.0,4041.0,25.0,22.18,0.0,0.0,3557.0,25.0,16.88,8.0,9.0,23752.0,27.0,84.78,8.0,35397.0,142.2
2026-06-17 11:16:53,gemma4:31b,0.0,0.0,4047.0,25.0,18.33,0.0,0.0,4041.0,25.0,22.42,0.0,0.0,3557.0,25.0,17.11,5.0,6.0,23752.0,27.0,86.18,5.0,35397.0,144.04
2026-06-17 11:16:58,gemma4:31b,0.0,0.0,4047.0,25.0,18.51,0.0,0.0,4041.0,25.0,22.93,0.0,0.0,3557.0,25.0,16.87,8.0,9.0,23752.0,27.0,89.17,8.0,35397.0,147.48
2026-06-17 11:17:03,gemma4:31b,0.0,0.0,4047.0,25.0,18.3,0.0,0.0,4041.0,25.0,22.85,0.0,0.0,3557.0,25.0,17.06,8.0,9.0,23752.0,27.0,86.44,8.0,35397.0,144.65
2026-06-17 11:17:08,gemma4:31b,0.0,0.0,4047.0,25.0,18.54,0.0,0.0,4041.0,25.0,22.71,0.0,0.0,3557.0,25.0,17.14,8.0,8.0,23752.0,27.0,85.7,8.0,35397.0,144.09
2026-06-17 11:17:13,gemma4:31b,0.0,0.0,4047.0,25.0,18.42,0.0,0.0,4041.0,25.0,22.63,0.0,0.0,3557.0,25.0,17.15,8.0,9.0,23752.0,27.0,89.55,8.0,35397.0,147.75
2026-06-17 11:17:18,gemma4:31b,0.0,0.0,4047.0,25.0,18.4,0.0,0.0,4041.0,25.0,22.4,0.0,0.0,3557.0,25.0,17.21,8.0,9.0,23752.0,27.0,88.6,8.0,35397.0,146.61
2026-06-17 11:17:23,gemma4:31b,0.0,0.0,4047.0,25.0,18.21,0.0,0.0,4041.0,25.0,22.9,0.0,0.0,3557.0,25.0,17.2,8.0,9.0,23752.0,27.0,88.84,8.0,35397.0,147.15
2026-06-17 11:17:29,gemma4:31b,0.0,0.0,4047.0,25.0,18.12,0.0,0.0,4041.0,25.0,22.55,0.0,0.0,3557.0,25.0,17.52,8.0,9.0,23752.0,27.0,89.06,8.0,35397.0,147.25
2026-06-17 11:17:34,gemma4:31b,0.0,0.0,4047.0,25.0,18.25,0.0,0.0,4041.0,25.0,22.26,0.0,0.0,3557.0,25.0,17.2,0.0,0.0,23752.0,28.0,85.42,0.0,35397.0,143.13
2026-06-17 11:17:39,gemma4:31b,0.0,0.0,4047.0,25.0,18.28,0.0,0.0,4041.0,25.0,22.27,0.0,0.0,3557.0,25.0,17.15,8.0,9.0,23752.0,30.0,85.94,8.0,35397.0,143.64
2026-06-17 11:17:44,gemma4:31b,0.0,0.0,4047.0,25.0,18.11,0.0,0.0,4041.0,25.0,22.34,0.0,0.0,3557.0,25.0,16.83,4.0,4.0,23752.0,27.0,86.49,4.0,35397.0,143.77
2026-06-17 11:17:49,gemma4:31b,0.0,0.0,4047.0,25.0,18.17,0.0,0.0,4041.0,25.0,22.15,0.0,0.0,3557.0,25.0,16.9,8.0,9.0,23752.0,28.0,85.08,8.0,35397.0,142.3
2026-06-17 11:17:54,gemma4:31b,0.0,0.0,4047.0,25.0,18.3,0.0,0.0,4041.0,25.0,22.8,0.0,0.0,3557.0,25.0,16.74,8.0,9.0,23752.0,27.0,86.72,8.0,35397.0,144.56
2026-06-17 11:17:59,gemma4:31b,0.0,0.0,4047.0,25.0,18.27,0.0,0.0,4041.0,25.0,22.5,0.0,0.0,3557.0,25.0,16.88,0.0,0.0,23752.0,27.0,90.19,0.0,35397.0,147.84
2026-06-17 11:18:04,gemma4:31b,0.0,0.0,4047.0,25.0,18.27,0.0,0.0,4041.0,25.0,22.17,0.0,0.0,3557.0,25.0,16.71,8.0,9.0,23752.0,27.0,85.76,8.0,35397.0,142.91
2026-06-17 11:18:09,gemma4:31b,0.0,0.0,4047.0,25.0,18.38,0.0,0.0,4041.0,25.0,22.59,0.0,0.0,3557.0,25.0,16.75,8.0,9.0,23752.0,28.0,86.17,8.0,35397.0,143.89
2026-06-17 11:18:14,gemma4:31b,0.0,0.0,4047.0,25.0,18.31,0.0,0.0,4041.0,25.0,22.47,0.0,0.0,3557.0,25.0,16.74,4.0,4.0,23752.0,27.0,87.04,4.0,35397.0,144.56
2026-06-17 11:18:19,gemma4:31b,0.0,0.0,4047.0,25.0,18.45,0.0,0.0,4041.0,25.0,22.78,0.0,0.0,3557.0,25.0,16.75,8.0,9.0,23752.0,27.0,90.29,8.0,35397.0,148.27
2026-06-17 11:18:24,gemma4:31b,0.0,0.0,4047.0,25.0,18.45,0.0,0.0,4041.0,25.0,22.36,0.0,0.0,3557.0,25.0,16.62,8.0,9.0,23752.0,27.0,90.26,8.0,35397.0,147.69
2026-06-17 11:18:30,gemma4:31b,0.0,0.0,4047.0,25.0,18.43,0.0,0.0,4041.0,25.0,22.0,0.0,0.0,3557.0,25.0,16.48,8.0,9.0,23752.0,27.0,89.48,8.0,35397.0,146.39
2026-06-17 11:18:35,gemma4:31b,0.0,0.0,4047.0,25.0,18.46,0.0,0.0,4041.0,25.0,22.47,0.0,0.0,3557.0,25.0,16.23,8.0,9.0,23752.0,28.0,85.32,8.0,35397.0,142.48
2026-06-17 11:18:40,gemma4:31b,0.0,0.0,4047.0,25.0,18.51,0.0,0.0,4041.0,25.0,23.12,0.0,0.0,3557.0,25.0,16.27,0.0,0.0,23752.0,30.0,85.54,0.0,35397.0,143.44
2026-06-17 11:18:45,gemma4:31b,0.0,0.0,4047.0,25.0,18.37,0.0,0.0,4041.0,25.0,22.76,0.0,0.0,3557.0,25.0,16.69,8.0,9.0,23752.0,27.0,85.43,8.0,35397.0,143.25
2026-06-17 11:18:50,gemma4:31b,0.0,0.0,4047.0,25.0,18.51,0.0,0.0,4041.0,25.0,22.72,0.0,0.0,3557.0,25.0,16.69,8.0,9.0,23752.0,27.0,85.72,8.0,35397.0,143.64
2026-06-17 11:18:55,gemma4:31b,0.0,0.0,4047.0,25.0,18.5,0.0,0.0,4041.0,25.0,22.85,0.0,0.0,3557.0,25.0,16.58,8.0,9.0,23752.0,28.0,89.09,8.0,35397.0,147.02
2026-06-17 11:19:00,gemma4:31b,0.0,0.0,4047.0,25.0,18.65,0.0,0.0,4041.0,25.0,23.1,0.0,0.0,3557.0,25.0,16.81,0.0,0.0,23752.0,27.0,89.33,0.0,35397.0,147.89
2026-06-17 11:19:05,gemma4:31b,0.0,0.0,4047.0,25.0,18.66,0.0,0.0,4041.0,25.0,22.43,0.0,0.0,3557.0,25.0,16.76,6.0,6.0,23752.0,27.0,87.55,6.0,35397.0,145.4
2026-06-17 11:19:10,gemma4:31b,0.0,0.0,4047.0,25.0,18.57,0.0,0.0,4041.0,25.0,22.5,0.0,0.0,3557.0,25.0,16.56,8.0,9.0,23752.0,28.0,86.88,8.0,35397.0,144.51
2026-06-17 11:19:15,gemma4:31b,0.0,0.0,4047.0,25.0,18.43,0.0,0.0,4041.0,25.0,22.71,0.0,0.0,3557.0,25.0,16.83,8.0,9.0,23752.0,27.0,85.77,8.0,35397.0,143.74
2026-06-17 11:19:20,gemma4:31b,0.0,0.0,4047.0,25.0,18.35,0.0,0.0,4041.0,25.0,22.72,0.0,0.0,3557.0,25.0,16.93,8.0,9.0,23752.0,27.0,88.75,8.0,35397.0,146.75
2026-06-17 11:19:26,gemma4:31b,0.0,0.0,4047.0,25.0,18.49,0.0,0.0,4041.0,25.0,22.44,0.0,0.0,3557.0,25.0,17.09,0.0,0.0,23752.0,28.0,84.66,0.0,35397.0,142.68
2026-06-17 11:19:31,gemma4:31b,0.0,0.0,4047.0,25.0,18.41,0.0,0.0,4041.0,25.0,22.67,0.0,0.0,3557.0,25.0,16.94,8.0,9.0,23752.0,27.0,85.46,8.0,35397.0,143.48
2026-06-17 11:19:36,gemma4:31b,0.0,0.0,4047.0,25.0,18.38,0.0,0.0,4041.0,25.0,22.97,0.0,0.0,3557.0,25.0,17.53,8.0,9.0,23752.0,27.0,88.04,8.0,35397.0,146.92
2026-06-17 11:19:41,gemma4:31b,0.0,0.0,4047.0,25.0,18.42,0.0,0.0,4041.0,25.0,22.48,0.0,0.0,3557.0,25.0,16.9,8.0,9.0,23752.0,28.0,88.19,8.0,35397.0,145.99
2026-06-17 11:19:46,gemma4:31b,0.0,0.0,4047.0,25.0,18.43,0.0,0.0,4041.0,25.0,22.61,0.0,0.0,3557.0,25.0,17.08,0.0,0.0,23752.0,27.0,88.42,0.0,35397.0,146.54
2026-06-17 11:19:51,gemma4:31b,0.0,0.0,4047.0,25.0,18.49,0.0,0.0,4041.0,25.0,22.22,0.0,0.0,3557.0,25.0,16.75,4.0,4.0,23752.0,27.0,86.19,4.0,35397.0,143.65
2026-06-17 11:19:56,gemma4:31b,0.0,0.0,4047.0,25.0,18.38,0.0,0.0,4041.0,25.0,22.4,0.0,0.0,3557.0,25.0,16.91,5.0,5.0,23752.0,27.0,84.77,5.0,35397.0,142.46
2026-06-17 11:20:01,gemma4:31b,0.0,0.0,4047.0,25.0,18.41,0.0,0.0,4041.0,25.0,22.68,0.0,0.0,3557.0,25.0,16.98,8.0,9.0,23752.0,27.0,89.38,8.0,35397.0,147.45
2026-06-17 11:20:06,gemma4:31b,0.0,0.0,4047.0,25.0,18.39,0.0,0.0,4041.0,25.0,22.19,0.0,0.0,3557.0,25.0,16.85,8.0,9.0,23752.0,28.0,85.83,8.0,35397.0,143.26
2026-06-17 11:20:11,gemma4:31b,0.0,0.0,4047.0,25.0,18.5,0.0,0.0,4041.0,25.0,22.42,0.0,0.0,3557.0,25.0,16.88,8.0,9.0,23752.0,27.0,85.05,8.0,35397.0,142.85
2026-06-17 11:20:16,gemma4:31b,0.0,0.0,4047.0,25.0,18.45,0.0,0.0,4041.0,25.0,22.62,0.0,0.0,3557.0,25.0,17.1,0.0,0.0,23752.0,27.0,90.09,0.0,35397.0,148.26
2026-06-17 11:20:22,gemma4:31b,0.0,0.0,4047.0,25.0,18.34,0.0,0.0,4041.0,25.0,21.98,0.0,0.0,3557.0,25.0,17.23,8.0,9.0,23752.0,27.0,86.21,8.0,35397.0,143.76
2026-06-17 11:20:27,gemma4:31b,0.0,0.0,4047.0,25.0,18.23,0.0,0.0,4041.0,25.0,22.0,0.0,0.0,3557.0,25.0,16.93,8.0,9.0,23752.0,27.0,89.71,8.0,35397.0,146.87
2026-06-17 11:20:32,gemma4:31b,0.0,0.0,4047.0,25.0,18.42,0.0,0.0,4041.0,25.0,22.41,0.0,0.0,3557.0,25.0,16.92,8.0,9.0,23752.0,29.0,86.26,8.0,35397.0,144.01
2026-06-17 11:20:37,gemma4:31b,0.0,0.0,4047.0,25.0,18.29,0.0,0.0,4041.0,25.0,22.35,0.0,0.0,3557.0,25.0,17.25,8.0,9.0,23752.0,27.0,88.9,8.0,35397.0,146.79
2026-06-17 11:20:42,gemma4:31b,0.0,0.0,4047.0,25.0,18.35,0.0,0.0,4041.0,25.0,22.3,0.0,0.0,3557.0,25.0,17.48,8.0,9.0,23752.0,27.0,86.34,8.0,35397.0,144.47
2026-06-17 11:20:47,gemma4:31b,0.0,0.0,4047.0,25.0,18.51,0.0,0.0,4041.0,25.0,22.76,0.0,0.0,3557.0,25.0,17.22,8.0,9.0,23752.0,27.0,90.75,8.0,35397.0,149.24
2026-06-17 11:20:52,gemma4:31b,0.0,0.0,4047.0,25.0,18.29,0.0,0.0,4041.0,25.0,21.88,0.0,0.0,3557.0,25.0,16.61,8.0,9.0,23752.0,30.0,86.61,8.0,35397.0,143.39
2026-06-17 11:20:57,gemma4:31b,0.0,0.0,4047.0,25.0,18.37,0.0,0.0,4041.0,25.0,22.36,0.0,0.0,3557.0,25.0,16.63,8.0,9.0,23752.0,27.0,86.08,8.0,35397.0,143.44
2026-06-17 11:21:02,gemma4:31b,0.0,0.0,4047.0,25.0,18.48,0.0,0.0,4041.0,25.0,22.39,0.0,0.0,3557.0,25.0,16.7,8.0,9.0,23752.0,27.0,86.49,8.0,35397.0,144.06
2026-06-17 11:21:07,gemma4:31b,0.0,0.0,4047.0,25.0,18.46,0.0,0.0,4041.0,25.0,22.34,0.0,0.0,3557.0,25.0,16.89,8.0,9.0,23752.0,27.0,89.93,8.0,35397.0,147.62
2026-06-17 11:21:12,gemma4:31b,0.0,0.0,4047.0,25.0,18.4,0.0,0.0,4041.0,25.0,22.67,0.0,0.0,3557.0,25.0,17.01,8.0,9.0,23752.0,27.0,86.84,8.0,35397.0,144.92
2026-06-17 11:21:17,gemma4:31b,0.0,0.0,4047.0,25.0,18.37,0.0,0.0,4041.0,25.0,22.53,0.0,0.0,3557.0,25.0,16.93,8.0,9.0,23752.0,27.0,85.36,8.0,35397.0,143.19
2026-06-17 11:21:23,gemma4:31b,0.0,0.0,4047.0,25.0,18.35,0.0,0.0,4041.0,25.0,22.19,0.0,0.0,3557.0,25.0,16.7,7.0,7.0,23752.0,27.0,88.11,7.0,35397.0,145.35
2026-06-17 11:21:28,gemma4:31b,0.0,0.0,4047.0,25.0,18.31,0.0,0.0,4041.0,25.0,22.02,0.0,0.0,3557.0,25.0,16.31,8.0,9.0,23752.0,27.0,85.68,8.0,35397.0,142.32
2026-06-17 11:21:33,gemma4:31b,0.0,0.0,4047.0,25.0,18.56,0.0,0.0,4041.0,25.0,22.12,0.0,0.0,3557.0,25.0,16.61,8.0,9.0,23752.0,27.0,90.93,8.0,35397.0,148.22
2026-06-17 11:21:38,gemma4:31b,0.0,0.0,4047.0,25.0,18.46,0.0,0.0,4041.0,25.0,22.49,0.0,0.0,3557.0,25.0,16.77,8.0,9.0,23752.0,27.0,85.66,8.0,35397.0,143.38
2026-06-17 11:21:43,gemma4:31b,0.0,0.0,4047.0,25.0,18.63,0.0,0.0,4041.0,25.0,22.54,0.0,0.0,3557.0,25.0,16.59,5.0,5.0,23752.0,27.0,86.9,5.0,35397.0,144.66
2026-06-17 11:21:48,gemma4:31b,0.0,0.0,4047.0,25.0,18.49,0.0,0.0,4041.0,25.0,22.71,0.0,0.0,3557.0,25.0,17.0,8.0,9.0,23752.0,27.0,86.45,8.0,35397.0,144.65
2026-06-17 11:21:53,gemma4:31b,0.0,0.0,4047.0,25.0,18.58,0.0,0.0,4041.0,25.0,22.46,0.0,0.0,3557.0,25.0,16.86,8.0,9.0,23752.0,27.0,89.62,8.0,35397.0,147.52
2026-06-17 11:21:58,gemma4:31b,0.0,0.0,4047.0,25.0,18.47,0.0,0.0,4041.0,25.0,22.76,0.0,0.0,3557.0,25.0,16.91,8.0,9.0,23752.0,27.0,86.1,8.0,35397.0,144.24
2026-06-17 11:22:03,gemma4:31b,0.0,0.0,4047.0,25.0,18.42,0.0,0.0,4041.0,25.0,22.38,0.0,0.0,3557.0,25.0,17.35,0.0,0.0,23752.0,29.0,86.22,0.0,35397.0,144.37
2026-06-17 11:22:08,gemma4:31b,0.0,0.0,4047.0,25.0,18.49,0.0,0.0,4041.0,25.0,22.51,0.0,0.0,3557.0,25.0,16.72,7.0,7.0,23752.0,27.0,90.19,7.0,35397.0,147.91
2026-06-17 11:22:13,gemma4:31b,0.0,0.0,4047.0,25.0,18.35,0.0,0.0,4041.0,25.0,23.33,0.0,0.0,3557.0,25.0,16.7,8.0,9.0,23752.0,27.0,86.7,8.0,35397.0,145.08
2026-06-17 11:22:19,gemma4:31b,0.0,0.0,4047.0,25.0,18.35,0.0,0.0,4041.0,25.0,23.0,0.0,0.0,3557.0,25.0,17.0,8.0,9.0,23752.0,27.0,86.8,8.0,35397.0,145.15
2026-06-17 11:22:24,gemma4:31b,0.0,0.0,4047.0,25.0,18.41,0.0,0.0,4041.0,25.0,23.15,0.0,0.0,3557.0,25.0,16.92,9.0,9.0,23752.0,29.0,87.47,9.0,35397.0,145.95
2026-06-17 11:22:29,gemma4:31b,0.0,0.0,4047.0,25.0,18.39,0.0,0.0,4041.0,25.0,23.6,0.0,0.0,3557.0,25.0,16.77,2.0,2.0,23752.0,27.0,87.54,2.0,35397.0,146.3
2026-06-17 11:22:34,gemma4:31b,0.0,0.0,4047.0,25.0,18.45,0.0,0.0,4041.0,25.0,23.96,0.0,0.0,3557.0,25.0,16.87,9.0,9.0,23752.0,27.0,92.25,9.0,35397.0,151.53
2026-06-17 11:22:39,gemma4:31b,0.0,0.0,4047.0,25.0,18.46,0.0,0.0,4041.0,25.0,23.48,0.0,0.0,3557.0,25.0,16.44,9.0,9.0,23752.0,27.0,91.46,9.0,35397.0,149.84
2026-06-17 11:22:44,gemma4:31b,0.0,0.0,4047.0,25.0,18.4,0.0,0.0,4041.0,25.0,23.49,0.0,0.0,3557.0,25.0,16.53,0.0,0.0,23752.0,27.0,92.19,0.0,35397.0,150.61
2026-06-17 11:22:49,gemma4:31b,0.0,0.0,4047.0,25.0,18.42,0.0,0.0,4041.0,25.0,23.29,0.0,0.0,3557.0,25.0,16.34,9.0,9.0,23752.0,27.0,86.77,9.0,35397.0,144.82
2026-06-17 11:22:54,gemma4:31b,0.0,0.0,4047.0,25.0,18.6,0.0,0.0,4041.0,25.0,23.14,0.0,0.0,3557.0,25.0,16.48,9.0,9.0,23752.0,27.0,87.38,9.0,35397.0,145.6
2026-06-17 11:22:59,gemma4:31b,0.0,0.0,4047.0,25.0,18.6,0.0,0.0,4041.0,25.0,22.91,0.0,0.0,3557.0,25.0,16.6,9.0,9.0,23752.0,27.0,86.32,9.0,35397.0,144.43
2026-06-17 11:23:04,gemma4:31b,0.0,0.0,4047.0,25.0,18.52,0.0,0.0,4041.0,25.0,23.41,0.0,0.0,3557.0,25.0,16.54,9.0,9.0,23752.0,27.0,87.71,9.0,35397.0,146.18
2026-06-17 11:23:09,gemma4:31b,0.0,0.0,4047.0,25.0,18.5,0.0,0.0,4041.0,25.0,23.09,0.0,0.0,3557.0,25.0,16.23,9.0,9.0,23752.0,30.0,87.35,9.0,35397.0,145.17
2026-06-17 11:23:14,gemma4:31b,0.0,0.0,4047.0,25.0,18.58,0.0,0.0,4041.0,25.0,22.73,0.0,0.0,3557.0,25.0,16.54,9.0,9.0,23752.0,28.0,88.58,9.0,35397.0,146.43
2026-06-17 11:23:20,gemma4:31b,0.0,0.0,4047.0,25.0,18.55,0.0,0.0,4041.0,25.0,22.84,0.0,0.0,3557.0,25.0,16.82,9.0,9.0,23752.0,28.0,90.06,9.0,35397.0,148.27
2026-06-17 11:23:25,gemma4:31b,0.0,0.0,4047.0,25.0,18.58,0.0,0.0,4041.0,25.0,22.64,0.0,0.0,3557.0,25.0,16.77,9.0,10.0,23752.0,28.0,91.27,9.0,35397.0,149.26
2026-06-17 11:23:30,gemma4:31b,0.0,0.0,4047.0,25.0,18.51,0.0,0.0,4041.0,25.0,22.23,0.0,0.0,3557.0,25.0,16.23,5.0,5.0,23752.0,28.0,88.0,5.0,35397.0,144.97
2026-06-17 11:23:35,gemma4:31b,0.0,0.0,4047.0,25.0,18.42,0.0,0.0,4041.0,25.0,22.76,0.0,0.0,3557.0,25.0,17.06,9.0,10.0,23752.0,28.0,87.52,9.0,35397.0,145.76
2026-06-17 11:23:40,gemma4:31b,0.0,0.0,4047.0,25.0,18.34,0.0,0.0,4041.0,25.0,22.52,0.0,0.0,3557.0,25.0,16.89,0.0,0.0,23752.0,28.0,87.56,0.0,35397.0,145.31
2026-06-17 11:23:45,gemma4:31b,0.0,0.0,4047.0,25.0,18.63,0.0,0.0,4041.0,25.0,22.3,0.0,0.0,3557.0,25.0,16.45,9.0,10.0,23752.0,28.0,87.36,9.0,35397.0,144.74
2026-06-17 11:23:50,gemma4:31b,0.0,0.0,4047.0,25.0,18.46,0.0,0.0,4041.0,25.0,22.9,0.0,0.0,3557.0,25.0,16.65,9.0,10.0,23752.0,28.0,91.19,9.0,35397.0,149.2
2026-06-17 11:23:55,gemma4:31b,0.0,0.0,4047.0,25.0,18.55,0.0,0.0,4041.0,25.0,22.69,0.0,0.0,3557.0,25.0,16.51,0.0,0.0,23752.0,28.0,87.42,0.0,35397.0,145.17
2026-06-17 11:24:00,gemma4:31b,0.0,0.0,4047.0,25.0,18.49,0.0,0.0,4041.0,25.0,23.43,0.0,0.0,3557.0,25.0,16.31,9.0,10.0,23752.0,28.0,88.09,9.0,35397.0,146.32
2026-06-17 11:24:05,gemma4:31b,0.0,0.0,4047.0,25.0,18.4,0.0,0.0,4041.0,25.0,22.72,0.0,0.0,3557.0,25.0,16.7,0.0,0.0,23752.0,30.0,88.14,0.0,35397.0,145.96
2026-06-17 11:24:10,gemma4:31b,0.0,0.0,4047.0,25.0,18.6,0.0,0.0,4041.0,25.0,22.82,0.0,0.0,3557.0,25.0,16.4,9.0,10.0,23752.0,29.0,87.4,9.0,35397.0,145.22
2026-06-17 11:24:15,gemma4:31b,0.0,0.0,4047.0,25.0,18.59,0.0,0.0,4041.0,25.0,23.41,0.0,0.0,3557.0,25.0,16.69,9.0,10.0,23752.0,28.0,91.76,9.0,35397.0,150.45
2026-06-17 11:24:21,gemma4:31b,0.0,0.0,4047.0,25.0,18.61,0.0,0.0,4041.0,25.0,23.38,0.0,0.0,3557.0,25.0,16.95,9.0,10.0,23752.0,30.0,86.58,9.0,35397.0,145.52
2026-06-17 11:24:26,gemma4:31b,0.0,0.0,4047.0,25.0,18.44,0.0,0.0,4041.0,25.0,22.95,0.0,0.0,3557.0,25.0,16.75,9.0,10.0,23752.0,27.0,87.37,9.0,35397.0,145.51
2026-06-17 11:24:31,gemma4:31b,0.0,0.0,4047.0,25.0,18.55,0.0,0.0,4041.0,25.0,24.01,0.0,0.0,3557.0,25.0,16.48,9.0,10.0,23752.0,27.0,87.41,9.0,35397.0,146.45
2026-06-17 11:24:36,gemma4:31b,0.0,0.0,4047.0,25.0,18.42,0.0,0.0,4041.0,25.0,23.27,0.0,0.0,3557.0,25.0,16.59,9.0,10.0,23752.0,27.0,87.44,9.0,35397.0,145.72
2026-06-17 11:24:41,gemma4:31b,0.0,0.0,4047.0,25.0,18.47,0.0,0.0,4041.0,25.0,23.73,0.0,0.0,3557.0,25.0,16.8,9.0,10.0,23752.0,27.0,87.81,9.0,35397.0,146.81
2026-06-17 11:24:46,gemma4:31b,0.0,0.0,4047.0,25.0,18.47,0.0,0.0,4041.0,25.0,23.55,0.0,0.0,3557.0,25.0,16.69,9.0,10.0,23752.0,27.0,87.58,9.0,35397.0,146.29
2026-06-17 11:24:51,gemma4:31b,0.0,0.0,4047.0,25.0,18.58,0.0,0.0,4041.0,25.0,23.09,0.0,0.0,3557.0,25.0,16.63,9.0,10.0,23752.0,27.0,88.82,9.0,35397.0,147.12
2026-06-17 11:24:56,gemma4:31b,0.0,0.0,4047.0,25.0,18.51,0.0,0.0,4041.0,25.0,23.79,0.0,0.0,3557.0,25.0,16.86,9.0,10.0,23752.0,27.0,86.61,9.0,35397.0,145.77
2026-06-17 11:25:01,gemma4:31b,0.0,0.0,4047.0,25.0,18.45,0.0,0.0,4041.0,25.0,23.37,0.0,0.0,3557.0,25.0,16.47,9.0,10.0,23752.0,28.0,87.81,9.0,35397.0,146.1
2026-06-17 11:25:06,gemma4:31b,0.0,0.0,4047.0,25.0,18.45,0.0,0.0,4041.0,25.0,23.45,0.0,0.0,3557.0,25.0,17.02,9.0,10.0,23752.0,30.0,87.72,9.0,35397.0,146.64
2026-06-17 11:25:11,gemma4:31b,0.0,0.0,4047.0,25.0,18.53,0.0,0.0,4041.0,25.0,24.07,0.0,0.0,3557.0,25.0,16.81,9.0,10.0,23752.0,27.0,87.36,9.0,35397.0,146.77
2026-06-17 11:25:16,gemma4:31b,0.0,0.0,4047.0,25.0,18.35,0.0,0.0,4041.0,25.0,23.9,0.0,0.0,3557.0,25.0,16.8,9.0,10.0,23752.0,27.0,86.94,9.0,35397.0,145.99
2026-06-17 11:25:22,gemma4:31b,0.0,0.0,4047.0,25.0,18.29,0.0,0.0,4041.0,25.0,23.7,0.0,0.0,3557.0,25.0,16.95,0.0,0.0,23752.0,27.0,86.61,0.0,35397.0,145.55
2026-06-17 11:25:27,gemma4:31b,0.0,0.0,4047.0,25.0,18.31,0.0,0.0,4041.0,25.0,23.56,0.0,0.0,3557.0,25.0,16.81,0.0,0.0,23752.0,29.0,88.26,0.0,35397.0,146.94
2026-06-17 11:25:32,gemma4:31b,0.0,0.0,4047.0,25.0,18.45,0.0,0.0,4041.0,25.0,23.79,0.0,0.0,3557.0,25.0,16.8,9.0,10.0,23752.0,29.0,88.05,9.0,35397.0,147.09
2026-06-17 11:25:37,gemma4:31b,0.0,0.0,4047.0,25.0,18.43,0.0,0.0,4041.0,25.0,23.64,0.0,0.0,3557.0,25.0,16.67,9.0,9.0,23752.0,28.0,88.76,9.0,35397.0,147.5
2026-06-17 11:25:42,gemma4:31b,0.0,0.0,4047.0,25.0,18.45,0.0,0.0,4041.0,25.0,23.61,0.0,0.0,3557.0,25.0,17.12,9.0,10.0,23752.0,27.0,88.15,9.0,35397.0,147.33
2026-06-17 11:25:47,gemma4:31b,0.0,0.0,4047.0,25.0,18.37,0.0,0.0,4041.0,25.0,23.56,0.0,0.0,3557.0,25.0,16.91,9.0,10.0,23752.0,27.0,91.31,9.0,35397.0,150.15
2026-06-17 11:25:52,gemma4:31b,0.0,0.0,4047.0,25.0,18.45,0.0,0.0,4041.0,25.0,23.27,0.0,0.0,3557.0,25.0,17.19,9.0,10.0,23752.0,28.0,90.07,9.0,35397.0,148.98
2026-06-17 11:25:57,gemma4:31b,0.0,0.0,4047.0,25.0,18.59,0.0,0.0,4041.0,25.0,23.61,0.0,0.0,3557.0,25.0,16.98,0.0,0.0,23752.0,27.0,87.3,0.0,35397.0,146.48
2026-06-17 11:26:02,gemma4:31b,0.0,0.0,4047.0,25.0,18.59,0.0,0.0,4041.0,25.0,22.74,0.0,0.0,3557.0,25.0,16.6,9.0,10.0,23752.0,27.0,87.59,9.0,35397.0,145.52
2026-06-17 11:26:07,gemma4:31b,0.0,0.0,4047.0,25.0,18.43,0.0,0.0,4041.0,25.0,22.8,0.0,0.0,3557.0,25.0,16.61,9.0,10.0,23752.0,27.0,91.36,9.0,35397.0,149.2
2026-06-17 11:26:12,gemma4:31b,0.0,0.0,4047.0,25.0,18.5,0.0,0.0,4041.0,25.0,22.32,0.0,0.0,3557.0,25.0,16.25,9.0,10.0,23752.0,27.0,87.24,9.0,35397.0,144.31
2026-06-17 11:26:18,gemma4:31b,0.0,0.0,4047.0,25.0,18.47,0.0,0.0,4041.0,25.0,22.14,0.0,0.0,3557.0,25.0,16.72,9.0,10.0,23752.0,27.0,86.64,9.0,35397.0,143.97
2026-06-17 11:26:23,gemma4:31b,0.0,0.0,4047.0,25.0,18.29,0.0,0.0,4041.0,25.0,22.72,0.0,0.0,3557.0,25.0,16.73,9.0,10.0,23752.0,27.0,87.84,9.0,35397.0,145.58
2026-06-17 11:26:28,gemma4:31b,0.0,0.0,4047.0,25.0,18.53,0.0,0.0,4041.0,25.0,22.27,0.0,0.0,3557.0,25.0,16.94,9.0,10.0,23752.0,28.0,87.7,9.0,35397.0,145.44
2026-06-17 11:26:33,gemma4:31b,0.0,0.0,4047.0,25.0,18.48,0.0,0.0,4041.0,25.0,22.55,0.0,0.0,3557.0,25.0,17.02,8.0,8.0,23752.0,27.0,87.46,8.0,35397.0,145.51
2026-06-17 11:26:38,gemma4:31b,0.0,0.0,4047.0,25.0,18.48,0.0,0.0,4041.0,25.0,22.71,0.0,0.0,3557.0,25.0,16.9,9.0,10.0,23752.0,27.0,87.17,9.0,35397.0,145.26
2026-06-17 11:26:43,gemma4:31b,0.0,0.0,4047.0,25.0,18.48,0.0,0.0,4041.0,25.0,22.18,0.0,0.0,3557.0,25.0,16.75,9.0,10.0,23752.0,28.0,89.17,9.0,35397.0,146.58
2026-06-17 11:26:48,gemma4:31b,0.0,0.0,4047.0,25.0,18.39,0.0,0.0,4041.0,25.0,22.25,0.0,0.0,3557.0,25.0,17.02,9.0,10.0,23752.0,27.0,91.88,9.0,35397.0,149.54
2026-06-17 11:26:53,gemma4:31b,0.0,0.0,4047.0,25.0,18.36,0.0,0.0,4041.0,25.0,22.7,0.0,0.0,3557.0,25.0,16.95,9.0,10.0,23752.0,27.0,91.21,9.0,35397.0,149.22
2026-06-17 11:26:58,gemma4:31b,0.0,0.0,4047.0,25.0,18.43,0.0,0.0,4041.0,25.0,22.8,0.0,0.0,3557.0,25.0,16.85,0.0,0.0,23752.0,28.0,88.47,0.0,35397.0,146.55
2026-06-17 11:27:03,gemma4:31b,0.0,0.0,4047.0,25.0,18.38,0.0,0.0,4041.0,25.0,22.75,0.0,0.0,3557.0,25.0,17.02,9.0,10.0,23752.0,27.0,88.14,9.0,35397.0,146.29
2026-06-17 11:27:08,gemma4:31b,0.0,0.0,4047.0,25.0,18.55,0.0,0.0,4041.0,25.0,22.74,0.0,0.0,3557.0,25.0,16.37,9.0,10.0,23752.0,27.0,90.58,9.0,35397.0,148.24
2026-06-17 11:27:14,gemma4:31b,0.0,0.0,4047.0,25.0,18.33,0.0,0.0,4041.0,25.0,23.72,0.0,0.0,3557.0,25.0,16.62,9.0,10.0,23752.0,29.0,87.16,9.0,35397.0,145.83
2026-06-17 11:27:19,gemma4:31b,0.0,0.0,4047.0,25.0,18.57,0.0,0.0,4041.0,25.0,23.78,0.0,0.0,3557.0,25.0,16.69,9.0,10.0,23752.0,27.0,87.56,9.0,35397.0,146.6
2026-06-17 11:27:24,gemma4:31b,0.0,0.0,4047.0,25.0,18.36,0.0,0.0,4041.0,25.0,23.74,0.0,0.0,3557.0,25.0,16.73,0.0,0.0,23752.0,27.0,87.71,0.0,35397.0,146.54
2026-06-17 11:27:29,gemma4:31b,0.0,0.0,4047.0,25.0,18.36,0.0,0.0,4041.0,25.0,23.58,0.0,0.0,3557.0,25.0,16.7,9.0,10.0,23752.0,27.0,88.65,9.0,35397.0,147.29
2026-06-17 11:27:34,gemma4:31b,0.0,0.0,4047.0,25.0,18.39,0.0,0.0,4041.0,25.0,24.1,0.0,0.0,3557.0,25.0,16.45,9.0,10.0,23752.0,27.0,87.51,9.0,35397.0,146.45
2026-06-17 11:27:39,gemma4:31b,0.0,0.0,4047.0,25.0,18.47,0.0,0.0,4041.0,25.0,24.3,0.0,0.0,3557.0,25.0,16.58,0.0,0.0,23752.0,27.0,91.76,0.0,35397.0,151.11
2026-06-17 11:27:44,gemma4:31b,0.0,0.0,4047.0,25.0,18.49,0.0,0.0,4041.0,25.0,24.51,0.0,0.0,3557.0,25.0,16.63,9.0,10.0,23752.0,27.0,87.65,9.0,35397.0,147.28
2026-06-17 11:27:49,gemma4:31b,0.0,0.0,4047.0,25.0,18.37,0.0,0.0,4041.0,25.0,23.78,0.0,0.0,3557.0,25.0,17.0,2.0,2.0,23752.0,27.0,91.2,2.0,35397.0,150.35
2026-06-17 11:27:54,gemma4:31b,0.0,0.0,4047.0,25.0,18.34,0.0,0.0,4041.0,25.0,23.23,0.0,0.0,3557.0,25.0,17.02,0.0,0.0,23752.0,30.0,86.92,0.0,35397.0,145.51
2026-06-17 11:27:59,gemma4:31b,0.0,0.0,4047.0,25.0,18.38,0.0,0.0,4041.0,25.0,23.32,0.0,0.0,3557.0,25.0,17.11,9.0,10.0,23752.0,27.0,87.73,9.0,35397.0,146.54
2026-06-17 11:28:04,gemma4:31b,0.0,0.0,4047.0,25.0,18.35,0.0,0.0,4041.0,25.0,23.2,0.0,0.0,3557.0,25.0,16.29,0.0,0.0,23752.0,30.0,88.28,0.0,35397.0,146.12
2026-06-17 11:28:09,gemma4:31b,0.0,0.0,4047.0,25.0,18.31,0.0,0.0,4041.0,25.0,23.52,0.0,0.0,3557.0,25.0,16.44,9.0,10.0,23752.0,27.0,87.29,9.0,35397.0,145.56
2026-06-17 11:28:15,gemma4:31b,0.0,0.0,4047.0,25.0,18.31,0.0,0.0,4041.0,25.0,23.13,0.0,0.0,3557.0,25.0,16.69,9.0,10.0,23752.0,28.0,92.35,9.0,35397.0,150.48
2026-06-17 11:28:20,gemma4:31b,0.0,0.0,4047.0,25.0,18.4,0.0,0.0,4041.0,25.0,22.26,0.0,0.0,3557.0,25.0,16.77,0.0,0.0,23752.0,27.0,71.76,0.0,35397.0,129.19
2026-06-17 11:28:25,gemma4:31b,0.0,0.0,4047.0,25.0,18.39,0.0,0.0,4041.0,25.0,23.04,0.0,0.0,3557.0,25.0,16.18,0.0,0.0,23752.0,27.0,72.63,0.0,35397.0,130.24
